epoch,duration,f1_test,f1_train,loss_test,loss_train
1,0 days 00:01:00.853578,0.476800969585304,0.43123903807192276,0.9894749442185347,1.0369268135326173
