,precision,recall,f1-score,support
corona,0.5100931677018633,0.6794208893485005,0.5827050997782705,967.0
web1,0.4151624548736462,0.3382352941176471,0.3727714748784441,1020.0
web2,0.5185185185185185,0.44788441692466463,0.48062015503875966,969.0
macro avg,0.4812580470313426,0.48851353346360415,0.47869890989849145,2956.0
weighted avg,0.48009818727444703,0.4857916102841678,0.476800969585304,2956.0
