,precision,recall,f1-score,support
corona,0.4729637234770705,0.7160621761658031,0.5696619950535862,965.0
web1,0.4749455337690632,0.21414538310412573,0.29519295870006773,1018.0
web2,0.47771317829457366,0.5087719298245614,0.4927536231884058,969.0
macro avg,0.4752074785135691,0.4796598296981634,0.45253619231401987,2952.0
weighted avg,0.47520617083323885,0.4749322493224932,0.4497657581480165,2952.0
