,precision,recall,f1-score,support
corona,0.4639175257731959,0.6081081081081081,0.5263157894736842,74.0
web1,0.3055555555555556,0.16417910447761194,0.21359223300970873,67.0
web2,0.43283582089552236,0.4915254237288136,0.4603174603174603,59.0
macro avg,0.40076963407475796,0.4212708787715112,0.4000751609336177,200.0
weighted avg,0.4016971628113727,0.425,0.4020838909571664,200.0
