epoch,duration,f1_test,f1_train,last_is_best,loss_test,loss_train,max_record_id
1,0 days 00:00:00.000010,0.42740303205865054,0.42466121206380913,True,1.0337954507610663,1.047600162206709,1
2,0 days 00:00:00.000011,0.4497657581480165,0.45841906736760546,True,1.0091928587696417,1.014199973362547,1
