,precision,recall,f1-score,support
corona,0.5777537796976242,0.5538302277432712,0.5655391120507399,966.0
web1,0.42673107890499196,0.25980392156862747,0.3229737964655698,1020.0
web2,0.4512455516014235,0.6563146997929606,0.5347954449599325,966.0
macro avg,0.48524347006801327,0.48998294970161976,0.474436117825414,2952.0
weighted avg,0.48417312144917746,0.48577235772357724,0.47166546560541694,2952.0
